{"accuracy": [0.6271131634712219, 0.7256177067756653, 0.7662549018859863, 0.8020156025886536, 0.8111183643341064, 0.826723039150238, 0.8231469392776489, 0.845903754234314, 0.8481794595718384, 0.8488296270370483, 0.8533810377120972, 0.86313396692276, 0.8537061214447021, 0.8745123744010925, 0.86378413438797, 0.8728868365287781, 0.8673602342605591, 0.8758127689361572, 0.8806892037391663, 0.8826397657394409, 0.8826397657394409, 0.8810142874717712, 0.8907672166824341, 0.8927178382873535, 0.8946684002876282, 0.9105981588363647, 0.9086475968360901, 0.9037711024284363, 0.9034460186958313, 0.8995448350906372, 0.8949934840202332, 0.8959687948226929, 0.8969441056251526, 0.905071496963501, 0.904421329498291, 0.9076722860336304, 0.9070221185684204, 0.9099479913711548, 0.9164499640464783, 0.9053966403007507, 0.904421329498291, 0.9060468077659607, 0.9164499640464783, 0.9122236967086792, 0.9125487804412842, 0.9066970348358154, 0.9190506935119629, 0.9200260043144226, 0.9148244261741638, 0.9219765663146973, 0.9096229076385498, 0.9157997369766235, 0.9197009205818176, 0.9216514825820923, 0.9151495695114136, 0.9216514825820923, 0.9171001315116882, 0.9281534552574158, 0.9161248207092285, 0.927503228187561, 0.9167750477790833, 0.927178144454956, 0.9157997369766235], "loss": [0.8383623957633972, 0.6225924491882324, 0.5486415028572083, 0.4709087312221527, 0.45536622405052185, 0.424979031085968, 0.4106088876724243, 0.37810301780700684, 0.3696310520172119, 0.3926941752433777, 0.35734421014785767, 0.33885639905929565, 0.35114389657974243, 0.3304081857204437, 0.327116996049881, 0.3170299232006073, 0.32209858298301697, 0.30313968658447266, 0.3006318211555481, 0.29286593198776245, 0.2924434542655945, 0.27525630593299866, 0.2696957290172577, 0.26478272676467896, 0.26528894901275635, 0.2406080812215805, 0.24624623358249664, 0.26013562083244324, 0.2560500502586365, 0.260420560836792, 0.25809308886528015, 0.2542264759540558, 0.24370339512825012, 0.24678735435009003, 0.23394854366779327, 0.22515274584293365, 0.24405048787593842, 0.2404322475194931, 0.22979913651943207, 0.23573286831378937, 0.2481769174337387, 0.22370469570159912, 0.22767329216003418, 0.21620966494083405, 0.22967301309108734, 0.2201075553894043, 0.21393610537052155, 0.2114071100950241, 0.2149423509836197, 0.215191051363945, 0.2166944295167923, 0.20569972693920135, 0.20829372107982635, 0.2089594602584839, 0.2158403992652893, 0.20762775838375092, 0.20632319152355194, 0.19547513127326965, 0.21806184947490692, 0.18360170722007751, 0.2033988982439041, 0.18509545922279358, 0.2037552297115326], "val_accuracy": [0.7620865106582642, 0.783715009689331, 0.8129770755767822, 0.8180661797523499, 0.8409669399261475, 0.8600509166717529, 0.8689567446708679, 0.8727735280990601, 0.8740457892417908, 0.8893129825592041, 0.8893129825592041, 0.9083969593048096, 0.9096692204475403, 0.8905852437019348, 0.8905852437019348, 0.9351145029067993, 0.9122137427330017, 0.9083969593048096, 0.927480936050415, 0.9173027873039246, 0.9529262185096741, 0.93638676404953, 0.945292592048645, 0.9402035474777222, 0.9554707407951355, 0.945292592048645, 0.9325699806213379, 0.93638676404953, 0.9427480697631836, 0.9567430019378662, 0.9541984796524048, 0.9605597853660583, 0.9529262185096741, 0.9580152630805969, 0.9643765687942505, 0.9656488299369812, 0.9618320465087891, 0.9567430019378662, 0.9643765687942505, 0.9631043076515198, 0.9618320465087891, 0.9669210910797119, 0.9631043076515198, 0.9707379341125488, 0.9669210910797119, 0.9516539573669434, 0.9618320465087891, 0.9592875242233276, 0.9681934118270874, 0.9554707407951355, 0.9707379341125488, 0.9720101952552795, 0.9758269786834717, 0.9758269786834717, 0.9605597853660583, 0.9732824563980103, 0.9707379341125488, 0.974554717540741, 0.9732824563980103, 0.9758269786834717, 0.9732824563980103, 0.9732824563980103, 0.9732824563980103], "val_loss": [0.5852480530738831, 0.5030800104141235, 0.45157307386398315, 0.41595032811164856, 0.3779471218585968, 0.32699263095855713, 0.31612029671669006, 0.2930721044540405, 0.28762173652648926, 0.2785188853740692, 0.2539442181587219, 0.24830487370491028, 0.24675361812114716, 0.24145667254924774, 0.24320869147777557, 0.20300079882144928, 0.2259570211172104, 0.22296980023384094, 0.19470800459384918, 0.19081251323223114, 0.1575636863708496, 0.17395660281181335, 0.17709234356880188, 0.15815752744674683, 0.16544324159622192, 0.15567514300346375, 0.15720076858997345, 0.17139172554016113, 0.1519346386194229, 0.14493399858474731, 0.13753435015678406, 0.12089455127716064, 0.12454041093587875, 0.12982095777988434, 0.15511484444141388, 0.11248530447483063, 0.12492211163043976, 0.13190250098705292, 0.11410487443208694, 0.1303367167711258, 0.11551516503095627, 0.12705697119235992, 0.12397853285074234, 0.10801494121551514, 0.10569298267364502, 0.12188008427619934, 0.11449063569307327, 0.1092982366681099, 0.1058776006102562, 0.1083693876862526, 0.09955057501792908, 0.10265740752220154, 0.09745493531227112, 0.10176923125982285, 0.10762014985084534, 0.08336587995290756, 0.0852295383810997, 0.0811379924416542, 0.09562478214502335, 0.08308816701173782, 0.08508577197790146, 0.09014219045639038, 0.0906343013048172]}