{"accuracy": [0.6586475968360901, 0.7675552368164062, 0.8211963772773743, 0.8475292325019836, 0.8608582615852356, 0.8787386417388916, 0.88621586561203, 0.8953185677528381, 0.899869978427887, 0.922626793384552, 0.9197009205818176, 0.9171001315116882, 0.9242522716522217, 0.9288036227226257, 0.9379063844680786, 0.9359557628631592, 0.9369310736656189, 0.9346553683280945, 0.941482424736023, 0.9535110592842102], "loss": [0.7755953073501587, 0.5373345613479614, 0.4377308189868927, 0.37517955899238586, 0.34813588857650757, 0.30425772070884705, 0.28132298588752747, 0.2589191794395447, 0.2424061894416809, 0.20742344856262207, 0.22167730331420898, 0.21983781456947327, 0.1955632120370865, 0.18570220470428467, 0.16222462058067322, 0.16345834732055664, 0.17129918932914734, 0.17153823375701904, 0.15129396319389343, 0.1383288949728012], "val_accuracy": [0.7824427485466003, 0.8346055746078491, 0.847328245639801, 0.885496199131012, 0.8969465494155884, 0.9083969593048096, 0.9058524370193481, 0.927480936050415, 0.9287531971931458, 0.9211195707321167, 0.9427480697631836, 0.945292592048645, 0.9605597853660583, 0.9478371739387512, 0.9605597853660583, 0.9580152630805969, 0.9643765687942505, 0.9618320465087891, 0.974554717540741, 0.9669210910797119], "val_loss": [0.5256428122520447, 0.41414761543273926, 0.37106040120124817, 0.29474177956581116, 0.25756895542144775, 0.23122939467430115, 0.2281801402568817, 0.19294977188110352, 0.18495897948741913, 0.1788000762462616, 0.1580716073513031, 0.14740747213363647, 0.13932481408119202, 0.15062148869037628, 0.12133746594190598, 0.12627585232257843, 0.1264503449201584, 0.1118701696395874, 0.10143697261810303, 0.10421176254749298]}