{"accuracy": [0.6677502989768982, 0.7841352224349976, 0.8293237686157227, 0.8468790650367737, 0.868660569190979, 0.8667100071907043, 0.8702861070632935, 0.8758127689361572, 0.8855656981468201, 0.886540949344635, 0.8917425274848938, 0.8995448350906372, 0.9034460186958313, 0.88621586561203, 0.8875162601470947, 0.8855656981468201, 0.8832899928092957, 0.8878413438796997, 0.8806892037391663, 0.8793888092041016, 0.8901170492172241, 0.8966189622879028, 0.9011703729629517, 0.8800390362739563, 0.8784134984016418, 0.8852405548095703, 0.8920676112174988, 0.8829649090766907, 0.8897919654846191, 0.8897919654846191, 0.8910923004150391, 0.8943433165550232], "loss": [1.53205144405365, 0.9487695097923279, 0.7314814925193787, 0.6300588846206665, 0.5497362613677979, 0.5196778178215027, 0.5003204941749573, 0.4923923909664154, 0.4611644446849823, 0.45625394582748413, 0.4385181665420532, 0.4193844199180603, 0.40289950370788574, 0.4457210600376129, 0.4474908411502838, 0.43827223777770996, 0.44363823533058167, 0.4394557774066925, 0.44734302163124084, 0.45543867349624634, 0.42119497060775757, 0.4063222408294678, 0.39317822456359863, 0.43813657760620117, 0.4556596577167511, 0.43195706605911255, 0.40975645184516907, 0.4300307631492615, 0.40428853034973145, 0.41634640097618103, 0.39197731018066406, 0.4050323963165283], "val_accuracy": [0.7900763154029846, 0.8333333134651184, 0.8740457892417908, 0.8727735280990601, 0.8804070949554443, 0.8702290058135986, 0.8842239379882812, 0.8829516768455505, 0.9020355939865112, 0.8727735280990601, 0.8918575048446655, 0.9160305261611938, 0.8994910717010498, 0.8333333134651184, 0.9020355939865112, 0.9223918318748474, 0.8486005067825317, 0.9096692204475403, 0.8994910717010498, 0.9020355939865112, 0.9007633328437805, 0.9325699806213379, 0.910941481590271, 0.9147582650184631, 0.8880407214164734, 0.9249364137649536, 0.8969465494155884, 0.9236640930175781, 0.9160305261611938, 0.9236640930175781, 0.9122137427330017, 0.9185750484466553], "val_loss": [1.025894284248352, 0.7624080777168274, 0.6354330778121948, 0.5320994257926941, 0.47843635082244873, 0.47460541129112244, 0.47540727257728577, 0.44257038831710815, 0.4025910794734955, 0.4438253939151764, 0.3963647484779358, 0.3668742775917053, 0.3846537172794342, 0.5250000953674316, 0.42162004113197327, 0.3806324303150177, 0.4959907531738281, 0.3824663758277893, 0.39039766788482666, 0.38476085662841797, 0.38871362805366516, 0.34229928255081177, 0.3534649610519409, 0.37726446986198425, 0.4258038401603699, 0.3596796691417694, 0.3928942084312439, 0.34750330448150635, 0.3573659658432007, 0.34739547967910767, 0.34845468401908875, 0.34279125928878784]}